feature,importance
review_approval_rate,0.15203550380489775
body_word_count,0.12693604112159068
approved_reviews,0.09995976476638854
labels_count,0.05563384640870204
avg_commit_message_length,0.054906934093405114
created_month,0.053004338687567314
title_avg_word_length,0.04702088202561921
body_length,0.04450195443757917
title_length,0.038740436851944476
total_file_size_changes,0.03696603065018984
commit_messages_total_length,0.036468823545131916
time_to_first_response_hours,0.03252394036187297
created_hour,0.02646801463619334
python_files,0.024360434083085854
created_day_of_week,0.021964585749532486
file_types_count,0.021863230231000185
doc_files,0.020024278764197035
title_word_count,0.01928435767364167
commits_per_file,0.014382929601493597
unique_commit_authors,0.012173776436894585
title_has_code,0.011950300182543368
commits,0.010248475318603704
changes_requested,0.008114838198119685
reviewer_diversity,0.006559330591987241
has_labels,0.005608691520561727
unique_reviewers,0.004755414665599074
is_draft,0.004093466434928036
body_has_links,0.0029129381016087604
is_business_hours,0.00161506124446168
review_count,0.0015098707918528975
body_has_code,0.0011201146597649139
is_weekend,0.0008553420054964877
commented_reviews,0.000789057446651626
has_body,0.0003819759746220888
has_reviews,0.0002650189322708794
lines_per_file,0.0
change_ratio,0.0
total_changes,0.0
comments,0.0
review_comments,0.0
total_comments,0.0
comment_density,0.0
is_first_time_contributor,0.0
deletions,0.0
additions,0.0
files_changed,0.0
dismissed_reviews,0.0
test_files,0.0
