feature,importance
review_approval_rate,0.22118719
approved_reviews,0.16435115
body_word_count,0.03980324
reviewer_diversity,0.039182317
labels_count,0.03460043
has_labels,0.026810506
unique_reviewers,0.02490793
python_files,0.02453828
commented_reviews,0.023542773
title_has_code,0.023423597
doc_files,0.023088275
review_count,0.022520745
commits_per_file,0.022496464
created_month,0.020923967
body_length,0.020337513
commits,0.020148164
file_types_count,0.019499471
time_to_first_response_hours,0.019499326
created_day_of_week,0.0176966
title_length,0.016163748
unique_commit_authors,0.016063465
is_business_hours,0.015935978
commit_messages_total_length,0.015347401
avg_commit_message_length,0.015335304
total_file_size_changes,0.015246036
title_avg_word_length,0.014680648
title_word_count,0.013731941
body_has_code,0.01337293
created_hour,0.01282979
changes_requested,0.012438441
is_draft,0.0114374785
body_has_links,0.010030989
has_reviews,0.008827889
lines_per_file,0.0
change_ratio,0.0
has_body,0.0
comments,0.0
review_comments,0.0
total_comments,0.0
comment_density,0.0
is_first_time_contributor,0.0
total_changes,0.0
deletions,0.0
additions,0.0
files_changed,0.0
dismissed_reviews,0.0
test_files,0.0
is_weekend,0.0
