{
  "generation_time": "2026-01-04T12:37:05.574642",
  "models_trained": 6,
  "best_model": "XGBoost",
  "overfitting_check": "PASSED - No data leakage features",
  "results": {
    "XGBoost": {
      "train_accuracy": 0.9749163879598662,
      "test_accuracy": 0.8133333333333334,
      "overfitting_gap": 0.16158305462653288,
      "precision": 0.7099236641221374,
      "recall": 0.8378378378378378,
      "f1_score": 0.7685950413223139,
      "roc_auc": 0.888888888888889,
      "cv_mean": 0.8135564853556485,
      "training_time": 1.986102
    },
    "LightGBM": {
      "train_accuracy": 0.9657190635451505,
      "test_accuracy": 0.8066666666666666,
      "overfitting_gap": 0.15905239687848383,
      "precision": 0.7154471544715447,
      "recall": 0.7927927927927928,
      "f1_score": 0.7521367521367521,
      "roc_auc": 0.8818818818818819,
      "cv_mean": 0.8085495118549513,
      "training_time": 0.158758
    },
    "Gradient Boosting": {
      "train_accuracy": 0.9632107023411371,
      "test_accuracy": 0.8033333333333333,
      "overfitting_gap": 0.1598773690078038,
      "precision": 0.7096774193548387,
      "recall": 0.7927927927927928,
      "f1_score": 0.7489361702127659,
      "roc_auc": 0.8909385576052243,
      "cv_mean": 0.8202475592747559,
      "training_time": 0.705242
    },
    "Random Forest": {
      "train_accuracy": 0.8444816053511706,
      "test_accuracy": 0.7933333333333333,
      "overfitting_gap": 0.051148272017837226,
      "precision": 0.6870229007633588,
      "recall": 0.8108108108108109,
      "f1_score": 0.7438016528925621,
      "roc_auc": 0.8767338767338767,
      "cv_mean": 0.7834588563458855,
      "training_time": 0.338132
    },
    "Extra Trees": {
      "train_accuracy": 0.8260869565217391,
      "test_accuracy": 0.7566666666666667,
      "overfitting_gap": 0.06942028985507243,
      "precision": 0.6696428571428571,
      "recall": 0.6756756756756757,
      "f1_score": 0.672645739910314,
      "roc_auc": 0.8379331712665046,
      "cv_mean": 0.7391178521617852,
      "training_time": 0.198073
    },
    "Logistic Regression": {
      "train_accuracy": 0.7591973244147158,
      "test_accuracy": 0.7066666666666667,
      "overfitting_gap": 0.0525306577480491,
      "precision": 0.5827338129496403,
      "recall": 0.7297297297297297,
      "f1_score": 0.648,
      "roc_auc": 0.8007054673721341,
      "cv_mean": 0.7357601115760112,
      "training_time": 0.074067
    }
  }
}